country,name,full_name,symbol,issuer,isin,asset_class,underlying
france,BNP Gold 31Dec99,BNP Paribas Arbitrage Issuance BV ZT Gold 31Dec99,NL0006454928,,,,
france,SG ZT SILVER X5 SHO 31Dec99,SOCIETE GENERALE EFFEKTEN GMBH ZT  SILVER X5 SHO 31Dec99,FR0011815075,,,,
france,SG BERKSHIRE HATHA ORD CL A 31Dec99,Societe Generale Effekten GMBH ZT BERKSHIRE HATHA ORD CL A 31Dec99,FR0010681528,,,,
france,SG Call 23.4 EUR FAURECIA 31Dec99,SG ISSUER Call 23.4 EUR FAURECIA 31Dec99,LU1248646314,,,,
france,SG Call 13 EUR ORANGE 31Dec99,SG ISSUER Call 13 EUR ORANGE 31Dec99,LU1428373747,,,,
france,SG Call 150.8 EUR LOREAL 31Dec99,SG ISSUER Call 150.8 EUR L`OREAL 31Dec99,LU1358280920,,,,
france,ING Call 53.48 IPE BRENT 1217,ING BANK N.V. Call 53.48 EUR IPE BRENT 12/17 31Dec99,NL0012080717,,,,
france,ING Call 24.8 EUR SG 31Dec99,ING BANK N.V. Call 24.8 EUR SOCIETE GENERALE 31Dec99,NL0010360616,,,,
france,ING Call 29.1 NYMEX LS CRUDE 0416,ING BANK N.V. Call 29.1 EUR NYMEX LS CRUDE 04/16 31Dec99,NL0011619317,,,,
france,ING Call 29.29 ICE BRENT 0416,ING BANK N.V. Call 29.29 EUR ICE BRENT 04/16 31Dec99,NL0011493028,,,,
france,ING Call 33 ICE BRENT 05/16 31Dec99,ING BANK N.V. Call 33 EUR ICE BRENT 05/16 31Dec99,NL0011621024,,,,
france,SG ZT SILVER X5 LEV 31Dec99,SOCIETE GENERALE EFFEKTEN GMBH ZT  SILVER X5 LEV 31Dec99,FR0011815067,,,,
france,ING Call 33.95 ICE BRENT 0516,ING BANK N.V. Call 33.95 EUR ICE BRENT 05/16 31Dec99,NL0011622782,,,,
france,ING Call 48 ICE BRENT 10/17 31Dec99,ING BANK N.V. Call 48 EUR ICE BRENT 10/17 31Dec99,NL0012077226,,,,
france,ING Call 48.65 ICE BRENT 1017,ING BANK N.V. Call 48.65 EUR ICE BRENT 10/17 31Dec99,NL0012076772,,,,
france,ING Call 49.9 ICE BRENT 1017,ING BANK N.V. Call 49.9 EUR ICE BRENT 10/17 31Dec99,NL0012077291,,,,
france,ING Call 51.09 ICE BRENT 1117,ING BANK N.V. Call 51.09 EUR ICE BRENT 11/17 31Dec99,NL0012079289,,,,
france,ING Call 52.4 ICE BRENT 1117,ING BANK N.V. Call 52.4 EUR ICE BRENT 11/17 31Dec99,NL0012079883,,,,
france,ING Call 54.87 IPE BRENT 1217,ING BANK N.V. Call 54.87 EUR IPE BRENT 12/17 31Dec99,NL0012461784,,,,
france,SG ZT Ubs-Ib Zur 31Dec99,Societe Generale Effekten GMBH ZT Ubs-Ib Zur 31Dec99,FR0010638494,,,,
france,ING Call 55.4 ICE BRENT 1217,ING BANK N.V. Call 55.4 EUR ICE BRENT 12/17 31Dec99,NL0012463434,,,,
france,ING Call 57.96 ICE BRENT 0118,ING BANK N.V. Call 57.96 EUR ICE BRENT 01/18 31Dec99,NL0012464275,,,,
france,ING Call 725 EUR PLATINUM 31Dec99,ING BANK N.V. Call 725 EUR PLATINUM 31Dec99,NL0012823603,,,,
france,ING Call 34.81 ICE BRENT 0516,ING BANK N.V. Call 34.81 EUR ICE BRENT 05/16 31Dec99,NL0011623145,,,,
france,SG ZT SILVER 31Dec99,SOCIETE GENERALE EFFEKTEN GMBH ZT  SILVER 31Dec99,FR0012468098,,,,
france,ING Call 33.7 BNP PARIBAS 31Dec99,ING BANK N.V. Call 33.7 EUR BNP PARIBAS 31Dec99,NL0010206686,,,,
france,SG ZT PALLADIUM 31Dec99,SOCIETE GENERALE EFFEKTEN GMBH ZT  PALLADIUM 31Dec99,FR0012468106,,,,
france,SG ZT PLATINUM 31Dec99,SOCIETE GENERALE EFFEKTEN GMBH ZT  PLATINUM 31Dec99,FR0012468114,,,,
france,SOCIETE GENERALE CAC 40 X10 31DEC99,SOCIETE GENERALE EFFEKTEN GMBH ZT CAC 40 X10 LEVERAGE 31DEC99,FR0011214527,,,,
france,SG Call 11.44 EUR ORANGE 31Dec99,SOCIETE GENERALE Call 11.44 EUR ORANGE 31Dec99,FR0012791424,,,,
france,SG Call 35.36 EUR TOTAL SA 31Dec99,SG ISSUER Call 35.36 EUR TOTAL SA 31Dec99,LU1357408704,,,,
france,SG Call 43 EUR AIRBUS GROUP 31Dec99,SG ISSUER Call 43 EUR AIRBUS GROUP 31Dec99,LU1383118483,,,,
france,SG Call 54.08 RENAULT SA 31Dec99,SG ISSUER Call 54.08 EUR RENAULT SA 31Dec99,LU1248649334,,,,
france,SG Call 57 EUR DANONE 31Dec99,SG ISSUER Call 57 EUR DANONE 31Dec99,LU1299482569,,,,
france,SG Call 6 CREDIT AGRICOLE 31Dec99,SG ISSUER Call 6 EUR CREDIT AGRICOLE 31Dec99,LU1383125850,,,,
france,SG Call 65.52 CAP GEMINI 31Dec99,SG ISSUER Call 65.52 EUR CAP GEMINI 31Dec99,LU1357398988,,,,
france,SG Call 68.64 EUR ORPEA 31Dec99,SG ISSUER Call 68.64 EUR ORPEA 31Dec99,LU1428456526,,,,
france,SG ZT NYMEX LS CRUDE 09/16 31Dec99,SG ISSUER ZT  NYMEX LS CRUDE 09/16 31Dec99,FR0013198488,,,,
france,SG Call 58 SANOFI-AVENTIS 31Dec99,SG ISSUER Call 58 EUR SANOFI-AVENTIS 31Dec99,LU1476973760,,,,
france,SG ZT Gold x 5 Short 31Dec99,SOCIETE GENERALE EFFEKTEN GMBH ZT  Gold x 5 Short 31Dec99,FR0011334861,,,,
france,SG ZT WTI Fut 5X ShLev Ind 31Dec99,SG ISSUER ZT  WTI Fut 5X ShLev Ind 31Dec99,FR0013112778,,,,
france,SG Call 16.64 EUR AXA 31Dec99,SOCIETE GENERALE Call 16.64 EUR AXA 31Dec99,FR0012500965,,,,
france,SG Call 18.38 EUR ALSTOM 31Dec99,SG ISSUER Call 18.38 EUR ALSTOM 31Dec99,LU1357395968,,,,
france,SG Call WTI CRUDE 31Dec99,Societe Generale Effekten GMBH Call   WTI CRUDE 31Dec99,FR0010583914,,,,
france,SG Call ICE BRENT 05/12 31Dec99,SOCIETE GENERALE EFFEKTEN GMBH Call  ICE BRENT 05/12 31Dec99,FR0011231844,,,,
france,SG ZT Brent x 5 Short 31Dec99,SOCIETE GENERALE EFFEKTEN GMBH ZT  Brent x 5 Short 31Dec99,FR0011334887,,,,
france,SG ZT GOLD 31Dec99,SOCIETE GENERALE EFFEKTEN GMBH ZT  GOLD 31Dec99,FR0010956383,,,,
france,SG ZT Gold x 5 Lev 31Dec99,SOCIETE GENERALE EFFEKTEN GMBH ZT  Gold x 5 Lev 31Dec99,FR0011334846,,,,
france,SG ZT WTI Fut 5X Lev Ind 31Dec99,SG ISSUER ZT  WTI Fut 5X Lev Ind 31Dec99,FR0013112786,,,,
france,SG ZT GOLD X10 LEV 31Dec99,SOCIETE GENERALE EFFEKTEN GMBH ZT  GOLD X10 LEV 31Dec99,FR0011815034,,,,
germany,BNP KOSPI 200 Index 31Dec99,BNP PARIBAS ARBITRAGE ISSUANCE BV ZT KOSPI 200 Index 31Dec99,DE571515,,,,
germany,BNP ZT MSCI Daily TR Net EM Indones,BNP Paribas Arbitrage Issuance B.V. ZT MSCI Daily TR Net EM Indonesia Local 31Dec99,DEAA12MX,,,,
germany,BNP ZT RBS AUD TR Index 31Dec99,BNP Paribas Arbitrage Issuance B.V. ZT RBS AUD Total Return Index 31Dec99,DE918740,,,,
germany,BNP DAXplus Maximum Sharpe Ger TR,BNP Paribas Arbitrage Issuance B.V. ZT DAXplus Maximum Sharpe Ratio Germany EUR Total Return Index 3,DEAA0KF0,,,,
germany,BNP Call MSCI Colombia 31Dec99,BNP Paribas Arbitrage Issuance B.V. Call MSCI Colombia 31Dec99,DEAA2RDF,,,,
germany,BNP ZT RBS CHF TR Index 31Dec99,BNP Paribas Arbitrage Issuance B.V. ZT RBS CHF Total Return Index 31Dec99,DE918741,,,,
germany,BNP Call MSCI New Zealand 31Dec99,BNP Paribas Arbitrage Issuance B.V. Call MSCI New Zealand 31Dec99,DEAA209B,,,,
germany,BNP ZT DAXplus Minimum Variance PR,BNP Paribas Arbitrage Issuance B.V. ZT DAXplus Minimum Variance US USD Price Return Index 31Dec99,DEAA0KF1,,,,
germany,BNP Paribas ZT MSCI Russia 31Dec99,BNP Paribas ZT MSCI Russia 31Dec99,DEBN2RUS,,,,
germany,BNP Call RBS Generic Drugs TR Index,BNP Paribas Arbitrage Issuance B.V. Call RBS Generic Drugs Total Return Index 31Dec99,DEABN9PP,,,,
germany,BNP ZT BNP Vietnam Price Return,BNP Paribas Arbitrage Issuance B.V. ZT BNP Paribas Arbitrage Issuance B.V. Vietnam Price Return Inde,DEAA0KE8,,,,
germany,BNP Call ZAR USD/ZAR,BNP Paribas Arbitrage Issuance B.V. Call USD ZAR US-Dollar S dafrikanischer Rand 31Dec99,DEAA0KSF,,,,
germany,BNP ZT DAXGlobal Agribusiness Price,BNP Paribas Arbitrage Issuance B.V. ZT DAXGlobal Agribusiness EUR Price Index 31Dec99,DEAA0KGG,,,,
germany,BNP ZT DAXGlobal Russia RUB PR,BNP Paribas Arbitrage Issuance B.V. ZT DAXGlobal Russia RUB Price Return Index 31Dec99,DEABN98G,,,,
germany,BNP ZT HANG SENG 31Dec99,BNP Paribas Arbitrage Issuance B.V. ZT HANG SENG 31Dec99,DE685964,,,,
germany,BNP DJ Stoxx 600 Cyclical Goods Ser,BNP Paribas Arbitrage Issuance B.V. ZT Dow Jones Stoxx 600 Cyclical Goods Services Price EUR 31Dec99,DE827430,,,,
germany,Bayerische Gold 31Dec99,Bayerische Hypo-und Vereinsbank AG ZT Gold 31Dec99,DEHV2XAU,,,,
germany,Bayerische DAX Index 31Dec99,Bayerische Hypo-und Vereinsbank AG ZT DAX Index 31Dec99,DEHY1Y7L,,,,
germany,Vontobel Call 30.7 EUR Unilever,Vontobel Call 30.7 EUR Unilever N.V. 31Dec99,DEVZ716B,,,,
germany,CB Call 10.2429 ZAR USD/ZAR,COMMERZBANK AG Call 10.2429 ZAR USD/ZAR Spot Rate 31Dec99,DECE8NK7,,,,
germany,CB Call 0.5758 AUD/USD 31Dec99,COMMERZBANK AG Call 0.5758 AUD/USD 31Dec99,DECE6M8S,,,,
germany,BNP Put EUR/USD 31Dec99,BNP Put EUR/USD 31Dec99,DEAA0XYR,,,,
germany,BNP Call Chile Inter 10 Index,BNP Paribas Arbitrage Issuance B.V. Call Chile Inter 10 Index 31Dec99,DEAA0C4K,,,,
germany,BNP ZT DAX 31Dec99,BNP Paribas Arbitrage Issuance B.V. ZT DAX Idx 31Dec99,DE768918,,,,
germany,BNP Call CECE Composite Euro,BNP Paribas Arbitrage Issuance B.V. Call CECE Composite Euro 31Dec99,DEABN0EW,,,,
germany,BNP ZT DAXplus MV Germany TR,BNP Paribas Arbitrage Issuance B.V. ZT DAXplus Minimum Variance Germany EUR Total Return Index 31Dec,DEAA0KFZ,,,,
germany,BNP ZT RBS HUF TR Index 31Dec99,BNP Paribas Arbitrage Issuance B.V. ZT RBS HUF Total Return Index 31Dec99,DE918607,,,,
germany,BNP Call CASE 30 31Dec99,BNP Paribas Arbitrage Issuance B.V. Call CASE 30 31Dec99,DEABN1EJ,,,,
germany,DE000DB3WT13,Deutsche Bank AG ZT WTI Light Sweet Crude Oil Future 30Dec99,DEDB3WT1,,,,
germany,DZ ZT Silber Endlos 31Dec99,DZ Bank Zentral-Genossenschaftsbank AG ZT Silber 31Dec99,DEDZ0B77,,,,
germany,DB Brent Crude Oil 31Dec99,Deutsche Bank AG ZT Brent Crude Oil 31Dec99,DEDB3CTQ,,,,
germany,DZ ZT Gold Endlos 31Dec99,DZ Bank Zentral-Genossenschaftsbank AG ZT Gold 31Dec99,DEDZ0B66,,,,
germany,DZ Call BrentOel Quanto Endlos,DZ BANK AG Call DZ BANK BestCommodity BrentOel Index 31Dec99,DEDZ2X4Q,,,,
germany,Dresdner Bank Composite Easter,Dresdner Bank ZT CECE USD - Composite Eastern European Price Index 31Dec99,DE635186,,,,
germany,Bayerische Silber 31Dec99,Bayerische Hypo-und Vereinsbank AG ZT Silber 31Dec99,DEHV2XAG,,,,
germany,UBS Call DAX 31Dec99,UBS Deutschland AG Call DAX 31Dec99,DE550479,,,,
germany,CB ZT E.ON Long x3 31Dec99,Commerzbank AG ZT E.ON 31Dec99,DECZ24PM,,,,
germany,DZ ZT Kupfer LME Endlos 31Dec99,DZ Bank Zentral-Genossenschaftsbank AG ZT Kupfer LME 31Dec99,DEDZ0CDD,,,,
germany,CB ZT Nokia Long x3 31Dec99,Commerzbank AG ZT Nokia 31Dec99,DECZ327H,,,,
germany,BNP ZT RBS TRY TR Index 31Dec99,BNP Paribas Arbitrage Issuance B.V. ZT RBS TRY Total Return Index 31Dec99,DE918722,,,,
germany,BNP Call MSCI Chile Net TR USD,BNP Paribas Arbitrage Issuance B.V. Call MSCI Chile Net TR USD 31Dec99,DEAA2RDE,,,,
germany,BNP ZT RICI Energy ER 31Dec99,BNP Paribas Arbitrage Issuance B.V. ZT RICI Energy ER 31Dec99,DEAA0QL7,,,,
germany,BNP ZT RBS ZAR TR Index 31Dec99,BNP Paribas Arbitrage Issuance B.V. ZT RBS ZAR Total Return Index 31Dec99,DE918556,,,,
germany,BNP ZT RBS Vietnam II TR Index,BNP Paribas Arbitrage Issuance B.V. ZT RBS Vietnam II Total Return Index 31Dec99,DEAA01WG,,,,
germany,Bayerische DJ UBS Crude Oil 3M TR,Bayerische Hypo-und Vereinsbank AG ZT Dow Jones-UBS Crude Oil Subindex 3 Month Forward Total Return,DEHV5BKP,,,,
germany,BNP Call 2260.19 China Enterprises,BNP Paribas Arbitrage Issuance B.V. Call 2260.19 HKD Hang Seng China Enterprises 31Dec99,DE342602,,,,
germany,BNP Call 2457 EUR DAX 31Dec99,BNP Paribas Arbitrage Issuance B.V. Call 2457 EUR DAX 31Dec99,DE721792,,,,
germany,BNP Call 2730 EUR DAX 31Dec99,BNP Paribas Arbitrage Issuance B.V. Call 2730 EUR DAX 31Dec99,DE721791,,,,
germany,DZ ZT Kupfer LME 31Dec99,DZ Bank Zentral-Genossenschaftsbank AG ZT Kupfer LME 31Dec99,DEDZ0CEE,,,,
germany,BNP Call 466.07 NYSE Arca Biotechno,BNP Paribas Arbitrage Issuance B.V. Call 466.07 USD NYSE Arca Biotechnology Index 31Dec99,DE167484,,,,
italy,Vontobel Call VT 7XL DJ 5.71,Vontobel Financial Products GmbH Call VT 7XL DJ 5.71 18Dec20,DEVN9C36,,,,
italy,BNP Call Eurex DAX Future 15Dec21,BNP PARIBAS ISSUANCE Call Eurex DAX Index Future Continuation 1 15Dec21,NL266641,,,,
italy,Vontobel Put 7X Short Natural GasV4,Vontobel Financial Products GmbH Put 7X Short Index linked to Natural Gas (Henry Hub) Future V4 18De,DEVN9KLD,,,,
italy,Vontobel Call VT 7XL SP 500 18Dec20,Vontobel Call VT 7XL SP 500 18Dec20,DEVN9AA1,,,,
italy,Vontobel Call 3X Long UniCr 16Jun23,Vontobel Financial Products GmbH Call 3X Long Index linked to UniCredit SpA 16Jun23,DEVN9D04,,,,
italy,Vontobel Put VT 7XS Wheat 18Dec20,Vontobel Put VT 7XS Wheat 18Dec20,DEVN9ACH,,,,
italy,Vontobel Call VT 7XL XPD 18Dec20,Vontobel Call VT 7XL XPD 18Dec20,DEVN9AB3,,,,
italy,BNP CALL FTSE MIB Future 19Mar21,BNP PARIBAS ISSUANCE CALL Milan Stock Exchange FTSE MIB Index Future 19Mar21,NL266387,,,,
italy,Bnp Iss - Isp 21Nv23,Bnp Iss - Isp 21Nv23,XS1859575604,,,,
italy,Vontobel Call VT 7XL Nasdaq 100,Vontobel Call VT 7XL Nasdaq 100 18Dec20,DEVN9AA5,,,,
italy,Vontobel Call 7X Long Corn,Vontobel Financial Products GmbH Call 7X Long Index linked to Corn Future 18Dec20,DEVN9KLH,,,,
italy,ALETTI 181007 STOXX Div 30 15Sep23,BANCA ALETTI & C ZT 1810.07 EUR EURO STOXX Select Dividend 30 INDEX 15Sep23,IT521251,,,,
italy,Vontobel Put VT 7XS XAG 18Dec20,Vontobel Put VT 7XS XAG 18Dec20,DEVN9ABT,,,,
italy,Vontobel 4X Short on MIB,Vontobel Financial Products GmbH Fixed Lever 4X Short on MIB,DEVN9AAP,,,,
italy,SG EURO STOXX 50 Short 5 GR 18Jun21,SG Issuer SA ZT EURO STOXX 50 Daily Short 5 USD GR Index 18Jun21,LU940070,,,,
italy,Vontobel Call VT 7XL XAU 18Dec20,Vontobel Call VT 7XL XAU 18Dec20,DEVN9ABM,,,,
italy,Vontobel Put VT 5XS Coffee 2,Vontobel Put VT 5XS Coffee 2 18Dec20,DEVN9AB8,,,,
italy,Vontobel 5X Short on MIB,Vontobel Financial Products GmbH Fixed Lever 5X Short on MIB,DEVN9AAQ,,,,
italy,Vontobel Put VT 7XS XAU 18Dec20,Vontobel Put VT 7XS XAU 18Dec20,DEVN9ABP,,,,
italy,BNP Zt 13074 Intesa SanPaolo 28Aug2,BNP PARIBAS ISSUANCE Zt 2.179 EUR Intesa SanPaolo SpA 28Aug20,NL303053,,,,
italy,Vontobel Put VT 3XS NOKIA 3 16Jun23,Vontobel Financial Products GmbH Put VT 3XS NOKIA 3 Index 16Jun23,DEVN9D0V,,,,
italy,SG GOLD X7 LONG 18Jun21,SG ISSUER ZT GOLD X7 LONG 18Jun21,LU416992,,,,
italy,Vontobel 7X Long on Cocoa 9.09,Vontobel Financial Products GmbH 7X Long Fixed Lever on Cocoa 9.09,DEVN9BMB,,,,
italy,BNP Put 29450 EUR FTSE MIB 18Dec20,BNP PARIBAS ISSUANCE Put 29450 EUR FTSE MIB Index 18Dec20,NL266723,,,,
italy,Vontobel Call VT 3XL TIT 16Jun23,Vontobel Financial Products GmbH Call VT 3XL TIT Index 16Jun23,DEVN9D00,,,,
italy,SG FTSE MIB TR 5x Daily RT 18Jun21,SG Issuer SA ZT FTSE MIB TR 5x Daily Leveraged RT Net-Of-Tax (Lux) Index 18Jun21,LU940045,,,,
italy,SG GOLD X7 SHORT 18Jun21,SG ISSUER ZT GOLD X7 SHORT 18Jun21,LU417000,,,,
italy,Vontobel 7X Short linked to DAX,Vontobel 7X Short linked to DAX,DEVN9AAB,,,,
italy,Vontobel Put VT 5XS XAG 3 18Dec20,Vontobel Put VT 5XS XAG 3 18Dec20,DEVN9ABS,,,,
italy,Vontobel Call VT 7XL Corn 18Dec20,Vontobel Call VT 7XL Corn 18Dec20,DEVN9ACB,,,,
italy,Vontobel 7X Long linked to DAX,Vontobel 7X Long linked to DAX,DEVN9AAA,,,,
italy,Vontobel Put VT 7XS SP 500 18Dec20,Vontobel Put VT 7XS SP 500 18Dec20,DEVN9AA3,,,,
italy,SG 25.06.21 FTSE x5 Short,SG Issuer SA 25.06.21 FTSE x5 Short,LU940053,,,,
italy,Vontobel 7X Long on Coffee 10.74,Vontobel Financial Products GmbH 7X Long Fixed Lever on Coffee 10.74,DEVN9CG5,,,,
italy,BNP Put FTSE MIB Future 17Dec21,BNP PARIBAS ISSUANCE Put Milan Stock Exchange FTSE MIB Index Future 17Dec21,NL266640,,,,
italy,Vontobel Put VT 7XS Coffee 18Dec20,Vontobel Put VT 7XS Coffee 18Dec20,DEVN9AB9,,,,
italy,Vontobel 5X Long Fixed Lever on MIB,Vontobel Financial Products GmbH 5X Long Fixed Lever on MIB,DEVN9AAL,,,,
italy,Uni Put Italia Leva 7 Short 16Oct20,UniCredit Bank AG Put Italia Leva 7 Short 16Oct20,DEHV40B6,,,,
italy,Uni Put Italia Leva 7 Short 15Oct21,UniCredit Bank AG Put Italia Leva 7 Short 15Oct21,DEHV42GD,,,,
italy,SG S&P 500 TR 01Apr21,SG ISSUER ZT S&P 500 TR 01Apr21,LU137671,,,,
italy,SG SLVR X7 SHORT 18Jun21,SG ISSUER ZT SLVR X7 SHORT 18Jun21,LU417077,,,,
italy,BNP Put Eurex DAX Future 15Dec21,BNP PARIBAS ISSUANCE Put Eurex DAX Index Future Continuation 1 15Dec21,NL266642,,,,
italy,Vontobel Put 3X Short Tesla 16Jun23,Vontobel Financial Products GmbH Put 3X Short Index linked to Tesla Motors Inc. 16Jun23,DEVN9D1B,,,,
italy,Uni Call Italia X 7 Long 15Oct21,UniCredit Bank AG Call Italia X 7 Long Index 15Oct21,DEHV41JE,,,,
italy,Bayerische Call ShortDAX x7 22Oct21,Bayerische Hypo-und Vereinsbank AG Call ShortDAX x7 (Total Return) (EUR) Index 22Oct21,DEHV42GC,,,,
italy,Vontobel 7X Short su Cacao,Vontobel Financial Products GmbH Leva Fissa 7X Short su Cacao,DEVN9DZU,,,,
italy,Vontobel Put VT 5XS Nasdaq 199,Vontobel Put VT 5XS Nasdaq 199 18Dec20,DEVN9AA6,,,,
italy,LU2158823141,SG ISSUER ZT GAS X7 LONG 18Jun21,LU019080,,,,
italy,BNP PUT FTSE MIB Future 19Mar21,BNP PARIBAS ISSUANCE PUT Milan Stock Exchange FTSE MIB Index Future 19Mar21,NL266388,,,,
italy,Uni Call Italia X 7 Long 16Oct20,UniCredit Bank AG Call Italia X 7 Long Index 16Oct20,DEHV40B5,,,,
netherlands,BNP Put 44298 NETFLIX INC 31Dec99,BNP PARIBAS ARBITRAGE ISSUANCE BV Put 442.98 USD NETFLIX INC 31Dec99,NL0013282791,,,,
netherlands,BNP Put 5384 COCA COLA CO 31Dec99,BNP PARIBAS ARBITRAGE ISSUANCE BV Put 53.84 USD COCA COLA CO 31Dec99,NL0013281991,,,,
netherlands,BNP Put 708081 NASDAQ-100 31Dec99,BNP PARIBAS ARBITRAGE ISSUANCE BV Put 7080.81 USD NASDAQ-100 31Dec99,NL0013164395,,,,
netherlands,BNP Put 719192 NASDAQ-100 31Dec99,BNP PARIBAS ARBITRAGE ISSUANCE BV Put 7191.92 USD NASDAQ-100 31Dec99,NL0013152515,,,,
netherlands,BNP Put 4290 EUR STOXX 50 31Dec99,BNP PARIBAS ARBITRAGE ISSUANCE BV Put 4290 EUR EURO STOXX 50 31Dec99,NL0011090709,,,,
netherlands,GS Put 4950 EUR STOXX 50 31Dec99,GOLDMAN SACHS & CO WERTP.GMBH Put 4950 EUR EURO STOXX 50 31Dec99,NL0011231071,,,,
netherlands,GS Call 34AIR FRANCE KLM 31Dec99,GOLDMAN SACHS & CO WERTP.GMBH Call 3.4 EUR AIR FRANCE KLM 31Dec99,NL0011240825,,,,
netherlands,GS Call 533ARCELORMITTAL 31Dec99,GOLDMAN SACHS & CO WERTP.GMBH Call 5.33 EUR ARCELORMITTAL 31Dec99,NL0011979356,,,,
netherlands,BNP Put 42183 NETFLIX INC 31Dec99,BNP PARIBAS ARBITRAGE ISSUANCE BV Put 421.83 USD NETFLIX INC 31Dec99,NL0013282783,,,,
netherlands,GS Call 1981394AHOLD DEL 31Dec99,GOLDMAN SACHS & CO WERTP.GMBH Call 19.81394 EUR AHOLD DEL 31Dec99,NL0013132558,,,,
netherlands,BNP Put 18134 NVIDIA CORP 31Dec99,BNP PARIBAS ARBITRAGE ISSUANCE BV Put 181.34 USD NVIDIA CORP 31Dec99,NL0013162688,,,,
netherlands,GS Put 31.13333 EUR APERAM 31Dec99,GOLDMAN SACHS & CO WERTP.GMBH Put 31.13333 EUR APERAM 31Dec99,NL0013180813,,,,
netherlands,GS Call 582242 EUR BAYER AG 31Dec99,GOLDMAN SACHS & CO WERTP.GMBH Call 58.2242 EUR BAYER AG 31Dec99,NL0013228018,,,,
netherlands,GS Call 13809524 Baidu Inc 31Dec99,GOLDMAN SACHS & CO WERTP.GMBH Call 138.09524 USD Baidu Inc 31Dec99,NL0013184633,,,,
netherlands,GS Call 5.05 EUR TOMTOM NV 31Dec99,GOLDMAN SACHS & CO WERTP.GMBH Call 5.05 EUR TOMTOM NV 31Dec99,NL0011040597,,,,
netherlands,GS Put 11.98 EUR TOMTOM NV 31Dec99,GOLDMAN SACHS & CO WERTP.GMBH Put 11.98 EUR TOMTOM NV 31Dec99,NL0011732458,,,,
netherlands,GS Put 1.315 USD EUR / USD 31Dec99,GOLDMAN SACHS & CO WERTP.GMBH Put 1.315 USD EUR / USD 31Dec99,NL0011040993,,,,
netherlands,GS Put 1.17789 USD EUR/USD 31Dec99,GOLDMAN SACHS & CO WERTP.GMBH Put 1.17789 USD EUR/USD 31Dec99,NL0013081672,,,,
netherlands,GS Put 1.17085 USD EUR/USD 31Dec99,GOLDMAN SACHS & CO WERTP.GMBH Put 1.17085 USD EUR/USD 31Dec99,NL0013188832,,,,
netherlands,GS Put 1.16985 USD EUR/USD 31Dec99,GOLDMAN SACHS & CO WERTP.GMBH Put 1.16985 USD EUR/USD 31Dec99,NL0013184922,,,,
netherlands,GS Put 1.15779 USD EUR/USD 31Dec99,GOLDMAN SACHS & CO WERTP.GMBH Put 1.15779 USD EUR/USD 31Dec99,NL0013230766,,,,
netherlands,GS Call 2680 EUR STOXX 50 31Dec99,GOLDMAN SACHS & CO WERTP.GMBH Call 2680 EUR EURO STOXX 50 31Dec99,NL0011602669,,,,
netherlands,GS Put 192 EUR SBM OFFSHORE 31Dec99,GOLDMAN SACHS & CO WERTP.GMBH Put 19.2 EUR SBM OFFSHORE 31Dec99,NL0011230149,,,,
netherlands,GS Call 36 ICE BRENT 07/16 31Dec99,GOLDMAN SACHS & CO WERTP.GMBH Call 36 USD ICE BRENT 07/16 31Dec99,NL0011727763,,,,
netherlands,BNP Put 3106BASIC-FIT NV 31Dec99,BNP PARIBAS ARBITRAGE ISSUANCE BV Put 31.06 EUR BASIC-FIT NV 31Dec99,NL0013281926,,,,
netherlands,BNP Put 2389ARCELORMITTAL 31Dec99,BNP PARIBAS ARBITRAGE ISSUANCE BV Put 23.89 EUR ARCELORMITTAL 31Dec99,NL0013161193,,,,
netherlands,BNP Put 10523Galapagos NV 31Dec99,BNP PARIBAS ARBITRAGE ISSUANCE BV Put 105.23 EUR Galapagos NV 31Dec99,NL0013169063,,,,
netherlands,BNP Put 909 USD QUALCOMM INC 31Dec9,BNP PARIBAS ARBITRAGE ISSUANCE BV Put 90.9 USD QUALCOMM INC 31Dec99,NL0012020440,,,,
netherlands,BNP Put 6498 EUR TAKEAWAYCOM 31Dec9,BNP PARIBAS ARBITRAGE ISSUANCE BV Put 64.98 EUR TAKEAWAY.COM 31Dec99,NL0013282627,,,,
netherlands,GS Put 825946 EUR AKZO NOBEL 31Dec9,GOLDMAN SACHS & CO WERTP.GMBH Put 82.5946 EUR AKZO NOBEL 31Dec99,NL0013085319,,,,
netherlands,GS Call 9224 USD GOLD FIXING 31Dec9,GOLDMAN SACHS & CO WERTP.GMBH Call 922.4 USD GOLD FIXING 31Dec99,NL0011417688,,,,
netherlands,GS Call 464 EUR KBC GROEP NV 31Dec9,GOLDMAN SACHS & CO WERTP.GMBH Call 46.4 EUR KBC GROEP NV 31Dec99,NL0011934724,,,,
netherlands,GS Call 452 EUR DAIMLER BENZ 31Dec9,GOLDMAN SACHS & CO WERTP.GMBH Call 45.2 EUR DAIMLER BENZ 31Dec99,NL0011049622,,,,
netherlands,GS Call 357 EUR KBC GROEP NV 31Dec9,GOLDMAN SACHS & CO WERTP.GMBH Call 35.7 EUR KBC GROEP NV 31Dec99,NL0011891346,,,,
netherlands,GS Call 2037208 EUR BOSKALIS 31Dec9,GOLDMAN SACHS & CO WERTP.GMBH Call 20.37208 EUR BOSKALIS 31Dec99,NL0013230428,,,,
netherlands,GS Call 2520 USD S AND P 500 31Dec9,GOLDMAN SACHS & CO WERTP.GMBH Call 2520 USD S AND P 500 31Dec99,NL0013228364,,,,
netherlands,BNP Call KONINKLIJKE WESSAN 31Dec99,BNP PARIBAS ARBITRAGE ISSUANCE BV Call KONINKLIJKE WESSANEN 31Dec99,NL0013157803,,,,
netherlands,BNP Put 24813 JPY NIKKEI 225 31Dec9,BNP PARIBAS ARBITRAGE ISSUANCE BV Put 24813 JPY NIKKEI 225 31Dec99,NL0013157308,,,,
netherlands,BNP Call 10 USD NYMEX CRUDE 03/16,BNP PARIBAS ARBITRAGE ISSUANCE BV Call 10 USD NYMEX LS CRUDE 03/16 31Dec99,NL0011636956,,,,
netherlands,BNP Put 24292 JPY NIKKEI 225 31Dec9,BNP PARIBAS ARBITRAGE ISSUANCE BV Put 24292 JPY NIKKEI 225 31Dec99,NL0013157290,,,,
netherlands,BNP Put 23771 JPY NIKKEI 225 31Dec9,BNP PARIBAS ARBITRAGE ISSUANCE BV Put 23771 JPY NIKKEI 225 31Dec99,NL0013157282,,,,
netherlands,BNP Put 2945 EUR CORBION NV 31Dec99,BNP PARIBAS ARBITRAGE ISSUANCE BV Put 29.45 EUR CORBION N.V. 31Dec99,NL0013282015,,,,
netherlands,GS Put 901 EUR KBC GROEP NV 31Dec99,GOLDMAN SACHS & CO WERTP.GMBH Put 90.1 EUR KBC GROEP NV 31Dec99,NL0011994009,,,,
netherlands,GS Put 3910857 EUR AALBERTS 31Dec99,GOLDMAN SACHS & CO WERTP.GMBH Put 39.10857 EUR AALBERTS 31Dec99,NL0013084965,,,,
netherlands,GS Put 3601143 EUR AALBERTS 31Dec99,GOLDMAN SACHS & CO WERTP.GMBH Put 36.01143 EUR AALBERTS 31Dec99,NL0013190556,,,,
netherlands,BNP Put 6833 EUR TAKEAWAYCOM 31Dec9,BNP PARIBAS ARBITRAGE ISSUANCE BV Put 68.33 EUR TAKEAWAY.COM 31Dec99,NL0013275530,,,,
netherlands,BNP Call Crude Oil 03/19 31Dec99,BNP PARIBAS ARBITRAGE ISSUANCE BV Call NYMEX LS CRUDE 03/19 31Dec99,NL0013284516,,,,
netherlands,GS Call 86 EUR SBM OFFSHORE 31Dec99,GOLDMAN SACHS & CO WERTP.GMBH Call 8.6 EUR SBM OFFSHORE 31Dec99,NL0011041835,,,,
netherlands,GS Call 465ARCELORMITTAL 31Dec99,GOLDMAN SACHS & CO WERTP.GMBH Call 4.65 EUR ARCELORMITTAL 31Dec99,NL0011926886,,,,
netherlands,BNP Put 280809 USD S&P 500 31Dec99,BNP PARIBAS ARBITRAGE ISSUANCE BV Put 2808.09 USD S AND P 500 31Dec99,NL0013164411,,,,
sweden,NBp Call S&P 500 31Dec99,Nordea Bank Abp Call S&P 500 31Dec99,SE0011978634,,,,
sweden,NB ZT 66 SEK ELEKTA B 31Dec99,Nordea Bank AB ZT 66 SEK ELEKTA B 31Dec99,SE0010978080,,,,
sweden,NB ZT 73 SEK Nordea Bank 31Dec99,Nordea Bank AB ZT 73 SEK Nordea Bank 31Dec99,SE0010978189,,,,
sweden,NB ZT 3450 USD S&P 500 31Dec99,Nordea Bank AB ZT 3450 USD S&P 500 31Dec99,SE0010825208,,,,
sweden,NB Call 5550 USD NASDAQ 100 31Dec99,Nordea Bank AB Call 5550 USD NASDAQ 100 31Dec99,SE0010979104,,,,
sweden,NB ZT 69 SEK Stora Enso Oyj 31Dec99,Nordea Bank AB ZT 69 SEK Stora Enso Oyj 31Dec99,SE0010821744,,,,
sweden,NB Call 1270 SEK OMXS30 31Dec99,Nordea Bank AB Call 1270 SEK OMXS30 31Dec99,SE0010140251,,,,
sweden,NB Call 1100 SEK OMXS30 31Dec99,Nordea Bank AB Call 1100 SEK OMXS30 31Dec99,SE0009892888,,,,
sweden,NB Call 1170 SEK OMXS30 31Dec99,Nordea Bank AB Call 1170 SEK OMXS30 31Dec99,SE0010140244,,,,
sweden,NBp Call x12 Brent Oil 314 Dec99,Nordea Bank Abp Call x12 ICE Brent Crude Oil 314 Dec99,SE0011759224,,,,
sweden,NBp Call x18 OMXS30 31Dec99,Nordea Bank Abp Call x18 OMXS30 31Dec99,SE0011761287,,,,
sweden,NBp Call Silver 31Dec99,Nordea Bank Abp Call Silver 31Dec99,SE0011979285,,,,
sweden,NB ZT 47.7 SEK Ericsson ser. B,Nordea Bank AB ZT 47.7 SEK Ericsson ser. B 31Dec99,SE0010829101,,,,
sweden,NBp Call x20 OMXS30 31Dec99,Nordea Bank Abp Call x20 OMXS30 31Dec99,SE0011978659,,,,
sweden,NBp Call 38 SEK Collector 31Dec99,Nordea Bank Abp Call 38 SEK Collector 31Dec99,SE0011424738,,,,
sweden,NBp Call x10 ICE Brent Crude Oil,Nordea Bank Abp Call x10 ICE Brent Crude Oil 31Dec99,SE0011761717,,,,
sweden,NBp Call DAX 31Dec99,Nordea Bank Abp Call DAX 31Dec99,SE0011978675,,,,
sweden,NBp Call x15 ICE Brent Crude Oil,Nordea Bank Abp Call x15 ICE Brent Crude Oil 31Dec99,SE0011979244,,,,
sweden,NBp Call x10 ICE Brent Crude Oil 4,Nordea Bank Abp Call x10 ICE Brent Crude Oil 4 31Dec99,SE0011759240,,,,
sweden,NBp Call 11.6 USD Silver 31Dec99,Nordea Bank Abp Call 11.6 USD Silver 31Dec99,SE0011756543,,,,
sweden,NBp Call Boliden AB 31Dec99,Nordea Bank Abp Call Boliden AB 31Dec99,SE0011423383,,,,
sweden,NB Call 1222 SEK OMXS30 31Dec99,Nordea Bank AB Call 1222 SEK OMXS30 31Dec99,SE0009982739,,,,
sweden,NBp Call x12 ICE Brent Crude Oil,Nordea Bank Abp Call x12 ICE Brent Crude Oil 31Dec99,SE0011975044,,,,
sweden,NB Call 24 SEK Lundin Mining Corp,Nordea Bank AB Call 24 SEK Lundin Mining Corp  31Dec99,SE0009983166,,,,
sweden,NB Call MINI GULD NORDENT 7 31Dec99,Nordea Bank AB Call MINI GULD NORDENT 7 31Dec99,SE0009978984,,,,
sweden,NB Put 1100 NOK OBX International,Nordea Bank AB Put 1100 NOK OBX International 31Dec99,NO0010828502,,,,
sweden,NBp Call 130 SEK Boliden AB 31Dec99,Nordea Bank Abp Call 130 SEK Boliden AB 31Dec99,SE0011424696,,,,
sweden,NBp Call Hennes and Mauritz ser. B,Nordea Bank Abp Call Hennes and Mauritz ser. B 31Dec99,SE0011423425,,,,
sweden,NBp Call SSAB A shares 31Dec99,Nordea Bank Abp Call SSAB A shares 31Dec99,SE0011423664,,,,
sweden,NBp Call Gold 31Dec99,Nordea Bank Abp Call Gold 31Dec99,SE0011979269,,,,
sweden,NBp Call x5 Swedbank 31Dec99,Nordea Bank Abp Call x5 Swedbank 31Dec99,SE0011423581,,,,
sweden,NB Call 6500 EUR DAX 31Dec99,Nordea Bank AB Call 6500 EUR DAX 31Dec99,SE0009892599,,,,
sweden,NB Call 8.3 USD COMEX Silver,Nordea Bank AB Call 8.3 USD COMEX Silver Commodity 31Dec99,SE0009982242,,,,
sweden,NB ZT 2230 SEK OMXS30 31Dec99,Nordea Bank AB ZT 2230 SEK OMXS30 31Dec99,SE0010825729,,,,
sweden,NBp Call 1175 USD Gold 31Dec99,Nordea Bank Abp Call 1175 USD Gold 31Dec99,SE0011759885,,,,
sweden,NB ZT 4140 USD S&P 500 31Dec99,Nordea Bank AB ZT 4140 USD S&P 500 31Dec99,SE0010825190,,,,
sweden,NB ZT 312 SEK Investor B shares,Nordea Bank AB ZT 312 SEK Investor B shares 31Dec99,SE0010978163,,,,
sweden,NB Call Mekonomen 31Dec99,Nordea Bank AB Call Mekonomen 31Dec99,SE0011170307,,,,
sweden,NBp Call x4 Swedbank 31Dec99,Nordea Bank Abp Call x4 Swedbank 31Dec99,SE0011423565,,,,
sweden,NB Call Fingerprint Cards B 31Dec99,Nordea Bank AB Call Fingerprint Cards B 31Dec99,SE0011168244,,,,
sweden,NBp Call 90 SEK Tele2 AB ser. B,Nordea Bank Abp Call 90 SEK Tele2 AB ser. B 31Dec99,SE0011752310,,,,
sweden,NB ZT 237 SEK Volvo AB ser. B,Nordea Bank AB ZT 237 SEK Volvo AB ser. B 31Dec99,SE0010629618,,,,
sweden,NB Put 15800 EUR DAX 31Dec99,Nordea Bank AB Put 15800 EUR DAX 31Dec99,SE0009892755,,,,
sweden,NB Call 42 SEK ELEKTA B 31Dec99,Nordea Bank AB Call 42 SEK ELEKTA B 31Dec99,SE0009983018,,,,
sweden,NB Call MINI GULD NORDENT 14,Nordea Bank AB Call MINI GULD NORDENT 14 31Dec99,SE0009979057,,,,
sweden,NB Put 19000 EUR DAX 31Dec99,Nordea Bank AB Put 19000 EUR DAX 31Dec99,SE0009892730,,,,
sweden,NB Put 960 NOK OBX International,Nordea Bank AB Put 960 NOK OBX International 31Dec99,NO0010828486,,,,
sweden,NBp Call Volvo AB ser. B 31Dec99,Nordea Bank Abp Call Volvo AB ser. B 31Dec99,SE0011423623,,,,
sweden,NBp Call Fingerprint Cards B,Nordea Bank Abp Call Fingerprint Cards B 31Dec99,SE0011978972,,,,
sweden,NBp Call 1320 SEK OMXS30 31Dec99,Nordea Bank Abp Call 1320 SEK OMXS30 31Dec99,SE0011758853,,,,
